type,breed,other_names,size,life_span,price,adaptability,child_friendly,cat_dog_friendly,grooming,health_issues,intelligence,shedding_level,stranger_friendly
Dog,"Labrador Retriever","Labrador, Lab","Medium","10-12 years","Average $1000 - $2000 USD",5,5,4,1,3,5,3,5
Dog,"German Shepherd","Alsatian (UK), Alsatian wolf dog (UK), Berger Allemand, Deutscher Sch?ferhund, Sch?ferhund","Medium","10-13 years","Average $800 - $2000 USD",5,5,3,3,4,5,5,1
Dog,"Golden Retriever","Yellow Retriever, Golden Flat Coat","Medium","10-12 years","Average $1000 - $2000 USD",5,5,4,3,4,5,3,5
Dog,"Bulldog","English Bulldog, British Bulldog","Medium","8-10 years","Average $1200 - $2000 USD",5,5,5,3,5,3,3,5
Dog,"Beagle","English Beagle","Small","12-15 years","Average $500 - $800 USD",5,5,3,1,3,3,3,4
Dog,"French Bulldog","Frenchie, Bouledogue Fran?ais","Small","10-12 years","Average $2000 - $4000 USD",5,2,2,2,3,3,2,4
Dog,"Poodle (Standard)","Caniche, Barbone, Chien Canne, Grosse Pudel, French Poodle","Medium","12-15 years","Average $1000 - $1500 USD",5,5,4,5,3,5,1,4
Dog,"Rottweiler","Rottie, Rott","Medium","8-11 years","Average $1200 - $2000 USD",3,2,3,1,3,5,3,1
Dog,"Yorkshire Terrier","Yorkie","Small","12-16 years","Average $600 - $1000 USD",5,1,4,5,4,5,1,3
Dog,"Boxer","German Boxer, Deutscher Boxer","Medium","10-12 years","Average $600 - $1200 USD",4,4,3,1,3,4,3,3
Dog,"German Shorthaired Pointer","GSP, DK, Kurzhaar, Deutscher Kurzhaariger Vorstehhund, Deutsch Kurzhaar","Medium","12-14 years","Average $600 - $800 USD",4,4,1,1,4,5,3,3
Dog,"Siberian Husky","Chukcha, Chuksha, Husky, Icee, Sibe","Medium","12-14 years","Average $700 - $1200 USD",5,4,1,3,3,4,4,3
Dog,"Dachshund (Toy, Miniature, Standard)","Teckel, Tekkel, Tekkel Doxie, Weenie Dog, Sausage Dog, Bassotto, Worshond","Small","12-15 years","Average $500 - $700 USD",5,2,3,2,3,4,1,2
Dog,"Great Dane","Dane, Gentle Giant, Deutsche Dogge, German Mastiff","Giant","7-10 years","Average $800 - $1200 USD",3,4,3,1,4,4,3,3
Dog,"Doberman Pinscher","Dobie, Dobermann, Dobynm, Doberman","Medium","10-12 years","Average $800 - $1000 USD",5,3,3,2,4,5,3,1
Dog,"Australian Shepherd","Aussie, Little Blue Dog","Medium","12-15 years","Average $600 - $800 USD",5,5,3,3,3,4,3,2
Dog,"Miniature Schnauzer","Zwergschnauzer","Small","12-14 years","Average $600 - $1000 USD",5,4,3,4,3,5,1,3
Dog,"Pembroke Welsh Corgi","Pembroke, PWC, Pem, Corgi","Small","12-14 years","Average $600 - $1000 USD",5,5,5,2,3,5,5,3
Dog,"Cavalier King Charles Spaniel","Cav, Cavalier, Cavie","Small","10-14 years","Average $1200 - $1500 USD",5,5,3,3,4,4,3,5
Dog,"Shih Tzu","Chinese Lion Dog, Chrysanthemum Dog","Small","10-16 years","Average $800 - $1200 USD",5,2,5,5,3,3,1,3
Dog,"Boston Terrier","Boston Bull, Boston Bull Terrier, Boxwood, American Gentlemen","Small","12-15 years","Average $600 - $800 USD",5,5,5,1,3,4,3,4
Dog,"Pomeranian","Pom, Pom Pom, Deutsche Spitze, Zwergspitz, Spitz Nain, Spitz Enano, Zwers","Small","12-16 years","Average $600 - $800 USD",5,2,5,3,3,5,3,3
Dog,"Havanese","Bichon Habanero, Havanese Cuban Bichon, Bichon Havanais, Bichon Havan?s, Havaneser, Havanezer","Small","14-16 years","Average $900 - $1200 USD",5,5,5,3,3,2,1,4
Dog,"Shetland Sheepdog","Miniature Collie, Shetland Collie (obsolete), Dwarf Scotch Shepherd (obsolete), Toonie Dog (obsolete), Sheltie","Small","12-14 years","Average $800 - $1000 USD",5,4,5,5,3,5,3,2
Dog,"Brittany","Epagneul Breton, Brittany Spaniel, American Brittany, Brittany Wiegref","Medium","12-15 years","Average $700 - $800 USD",5,5,3,2,3,1,2,3
Dog,"English Springer Spaniel","Springer Spaniel","Medium","10-14 years","Average $700 - $800 USD",5,4,3,4,4,5,3,5
Dog,"Bernese Mountain Dog","Berner Sennenhund, Bernese Cattle Dog, Berner","Large","7-10 years","Average $800 - $1000 USD",3,4,3,3,5,5,4,3
Dog,"Mastiff","English Mastiff, Old English Mastiff","Giant","10-12 years","Average $1200 - $1500 USD",5,5,5,2,4,3,3,3
Dog,"American Cocker Spaniel","Cocker Spaniel, Cocker, Merry Cocker","Medium","12-15 years","Average $600 - $800 USD",5,5,3,5,4,5,3,5
Dog,"Chihuahua","None","Small","14-18 years","Average $600 - $800 USD",5,1,5,1,4,3,1,3
Dog,"Vizsla","Hungarian Vizsla, Magyar Vizsla, Hungarian Pointer, Drotszoru Magyar Vizsla","Medium","10-14 years","Average $800 - $1200 USD",5,4,3,1,3,5,3,3
Dog,"Pug","Chinese Pug, Dutch Bulldog, Dutch Mastiff, Mini Mastiff, Mops, Carlin","Small","12-15 years","Average $300 - $500 USD",5,4,5,1,5,4,4,5
Dog,"Maltese","Maltese Dog, Maltese lion dog","Small","15-18 years","Average $600 - $800 USD",5,4,5,3,3,4,1,5
Dog,"Weimaraner","Weimaraner Vorstehhund, Weim, Grey Ghost","Medium","10-12 years","Average $600 - $800 USD",5,2,4,1,1,5,3,4
Dog,"Newfoundland","Newf, Newfie, The Gentle Giant, Blackbear","Large","9-12 years","Average $1500 - $2000 USD",4,5,5,5,5,4,5,4
Dog,"Miniature American Shepherd","North American Shepherd, Mini American, MAS, Ameri","Small","13-15 years","Average $900 - $1000 USD",4,4,3,2,2,3,3,2
Dog,"Collie","Rough Collie, Scottish Collie, Long-Haired Collie, English Collie, Lassie Dog","Large","14-16 years","Average $400 - $600 USD",4,5,5,5,4,5,5,3
Dog,"Border Collie","Scotch Sheep Dog, Sheepdog","Medium","12-15 years","Average $600 - $800 USD",5,5,3,3,3,5,3,3
Dog,"Basset Hound","Basset, Hush Puppy","Medium","10-12 years","Average $300 - $500 USD",5,5,5,2,3,3,3,5
Dog,"Cane Corso","Cane Corz, Italian Mastiff, Cane Di Macellaio","Large","10-11 years","Average $1500 - $2000 USD",2,3,1,1,4,2,3,1
Dog,"West Highland White Terrier","Poltalloch Terrier, Roseneath Terrier, White Roseneath Terrier, Westie (or Westy)","Small","12-16 years","Average $900 - $1200 USD",4,4,3,4,5,4,1,4
Dog,"Rhodesian Ridgeback","African Lion Dog, African Lion Hound","Large","10-12 years","Average $900 - $1200 USD",4,5,2,1,3,4,1,2
Dog,"Chesapeake Bay Retriever","Chessie, CBR, Chesapeake","Large","10-13 years","Average $700 - $900 USD",3,4,3,2,3,5,3,2
Dog,"Shiba Inu","Brushwood Dog, Japanese Small-Size Dog, Japanese Shiba Inu, Shiba Ken, Shiba","Medium","12-15 years","Average $800 - $1000 USD",4,3,2,2,3,2,4,2
Dog,"Bichon Frise","Tenerife Dog, Bichon Tenerife, Bichon A Poil Frise, Bichon Tenerife, Purebred Bichon","Small","12-15 years","Average $700 - $1000 USD",5,4,5,5,3,4,1,5
Dog,"Akita","Great Japanese Dog, Japanese Akita, American Akita","Large","10-14 years","Average $800 - $1200 USD",5,4,3,2,3,4,5,2
Dog,"Belgian Malinois","Malinois, Chien De Berger Belge, Mechelaar, Mechelse Herder, Mechelse Scheper, Pastor Belga Malinois","Medium","12-14 years","Average $600 - $800 USD",5,4,3,1,3,3,3,2
Dog,"Bullmastiff","Bully, Bullie","Large","8-10 years","Average $1200 - $1500 USD",3,4,1,2,5,3,3,3
Dog,"St. Bernard (Saint Bernard)","St. Hubert Hound, Chien St. Hubert, Sleuth Hound","Giant","8-10 years","Average $1500 - $1800 USD",4,4,5,3,5,3,4,3
Dog,"Soft Coated Wheaten Terrier","Wheaten, Wheatie, Irish Soft-Coated Wheaten Terrier","Medium","12-15 years","Average $800 - $1000 USD",5,4,1,5,3,4,2,4
Dog,"Portuguese Water Dog","Portie, PWD, Water Dog, Cao De Agua","Medium","10-14 years","Average $2500 - $2800 USD",5,4,4,3,3,2,1,3
Dog,"Bloodhound","St. Hubert Hound, Chien St. Hubert, Sleuth Hound","Large","10-12 years","Average $800 - $1200 USD",3,5,5,2,5,3,3,5
Dog,"Papillon","Butterfly Dog, Squirrel Dog, Phal?ne, Epagneul Nain, Phal?ne (Drop Ear Type), Continental Toy Spaniel, Epagneul Nain Continental","Small","13-16 years","Average $400 - $600 USD",5,4,5,3,3,5,1,5
Dog,"Australian Cattle Dog","Queensland Heeler, Blue Heeler, Hall's Heeler, ACD, Cattle Dog, Red Heeler","Medium","12-15 years","Average $500 - $700 USD",3,5,3,1,3,5,3,2
Dog,"Airedale Terrier","Waterside Terrier, Bingley Terrier, Irish Red Terrier","Medium","10-13 years","Average $600 - $800 USD",5,4,1,4,2,5,2,2
Dog,"English Cocker Spaniel","Cocker, Merry Cocker Woker","Medium","12-14 years","Average $900 - $1200 USD",5,5,4,3,3,5,3,3
Dog,"Bull Terrier","English Bull Terrier, Bully, Gladiator","Medium","10-12 years","Average $1200 - $1500 USD",4,4,2,1,5,3,3,4
Dog,"Scottish Terrier","Scottie, Aberdeenie","Small","11-13 years","Average $800 - $1000 USD",3,4,3,3,4,4,1,3
Dog,"Alaskan Malamute","Mal, Mally","Large","12-15 years","Average $1200 - $1500 USD",3,4,1,3,3,4,5,4
Dog,"Whippet","English Whippet, Snap Dog","Medium","12-15 years","Average $800 - $1200 USD",5,4,1,1,3,4,2,3
Dog,"Chinese Shar-Pei","Chinese Fighting Dog","Medium","8-10 years","Average $1000 - $1200 USD",3,1,3,3,5,4,1,1
Dog,"Dogue de Bordeaux","French Mastiff, Bordeaux Mastiff, Bordeauxdog","Large","10-12 years","Average $1000 - $1300 USD",3,4,4,2,5,2,3,4
Dog,"German Wirehaired Pointer","Deutscher Drahthaariger, Vorstehund, German Pointer (Wirehaired), Drahthaar","Medium","12-14 years","Average $700 - $900 USD",5,3,1,3,2,4,3,4
Dog,"Samoyed","Samoyedskaya, Bjelkier, Samoiedskaya Sobaka, Nenetskaya Laika, Smiley, Sammy","Medium","12-14 years","Average $1200 - $1500 USD",4,5,3,4,3,4,4,3
Dog,"Dalmatian","Dal, Dally, Carriage Dog, Spotted Coach Dog, Firehouse Dog, Plum Pudding Dog","Large","12-14 years","Average $700 - $900 USD",5,5,3,1,4,4,5,3
Dog,"Wirehaired Pointing Griffon","Korthals Griffon, Griffon D'arr?t ? Poil Dur, Korthals","Medium","12-14 years","Average $600 - $800 USD",3,4,3,3,2,4,1,3
Dog,"Great Pyrenees","Great Pyrenees, Patou, Chien Des Pyr?n?es, Chien De Montagne Des Pyr?n?es, Monta??s Del Pirineo, Gos De Muntanya Dels Pirineus","Giant","10-12 years","Average $700 - $900 USD",4,4,4,3,5,3,4,2
Dog,"Miniature Pinscher","Min Pin, King Of The Toys, Reh Pinscher, Zwergpinsc","Small","12-15 years","Average $400 - $600 USD",5,4,3,1,2,4,3,2
Dog,"Cardigan Welsh Corgi","Cardigan, CWC, Cardi","Medium","12-15 years","Average $1000 - $1200 USD",5,5,5,3,2,5,4,3
Dog,"Cairn Terrier","Cairn, Toto Dog","Small","12-15 years","Average $700 - $1000 USD",3,4,3,3,2,4,3,3
Dog,"Lhasa Apso","Lhasa, Lion Dog","Small","12-15 years","Average $500 - $700 USD",5,5,5,5,2,3,4,3
Dog,"Italian Greyhound","French: Petit Levrier Italiane, Italian: Piccolo Levriero Italiano, German: Italienisches Windspiel, Spanish: Galgo Italiano","Small","12-15 years","Average $800 - $1000 USD",5,1,3,1,3,3,1,3
Dog,"Irish Wolfhound","C? Faoil","Giant","6-10 years","Average $1800 - $2000 USD",4,4,3,3,5,4,3,3
Dog,"Chow Chow","Chow, Chowdren","Medium","13-15 years","Average $600 - $800 USD",2,2,2,5,3,3,4,1
Dog,"Old English Sheepdog","OES","Large","10-12 years","Average $1200 - $1500 USD",3,5,3,5,3,3,5,2
Dog,"Irish Setter","Red Setter, Irish Red Setter","Large","12-14 years","Average $800 - $1000 USD",5,5,5,4,3,4,3,5
Dog,"Chinese Crested","Crested, Puff","Small","12-14 years","Average $800 - $1000 USD",3,4,4,3,3,3,1,4
Dog,"Greater Swiss Mountain Dog","Great Swiss Mountain Dog, Swissy","Large","10-12 years","Average $2000 - $2500 USD",3,4,3,1,3,2,1,3
Dog,"Giant Schnauzer","Russian Bear Schnauzer, Munich Schnauzer, Munchener, Riesenschnauzer","Large","10-12 years","Average $1000 - $1500 USD",3,2,2,3,4,5,1,2
Dog,"Coton De Tulear","Coton, Cotie","Small","14-16 years","Average $1000 - $1200 USD",5,4,5,5,3,3,2,4
Dog,"American Staffordshire Terrier","Amstaff, Stafford, Staffy","Medium","12-14 years","Average $800 - $1000 USD",3,4,1,1,3,4,1,4
Dog,"Staffordshire Bull Terrier","Staffy, Staff, SBT, Stafford, Staffy Bull","Medium","12-14 years","Average $1500 - $2000 USD",3,4,2,1,3,4,1,4
Dog,"Bouvier des Flandres","Belgian Cattle Dog, Flanders Cattle Dog, Vlaamse Koehond","Large","10-12 years","Average $1500 - $2000 USD",5,5,3,5,3,5,3,2
Dog,"Anatolian Shepherd Dog","Coban Kopegi, Karabash Dog, Kara Bas, Kangal Dog, Kham Kepiji Dogs, Scandinavian Nygaard Dogs","Large","10-13 years","Average $700 - $900 USD",2,4,2,2,4,2,5,1
Dog,"Standard Schnauzer","Mittelschnauzer, Schnauzer, Wirehair Pinscher","Medium","12-15 years","Average $1200 - $1500 USD",3,4,4,5,1,5,1,3
Dog,"Border Terrier","Russian Bear Schnauzer, Munich Schnauzer, Munchener, Riesenschnauzer","Small","12-15 years","Average $1200 - $1400 USD",5,5,2,3,2,5,1,2
Dog,"Nova Scotia Duck Tolling Retriever","Toller, Scotty, Novie, Little River Duck Dog","Medium","12-14 years","Average $1800 - $2000 USD",5,5,3,2,4,2,3,2
Dog,"Basenji","Congo Dog, Congo Terrier, African Bush Dog, African Barkless Dog, Ango Angari, Zande Dog","Medium","10-12 years","Average $1000 - $1200 USD",2,4,2,1,3,3,1,2
Dog,"Flat-Coated Retriever","Flatcoat, Flattie, Flatte","Medium","10-13 years","Average $1000 - $1200 USD",5,4,3,2,5,5,3,4
Dog,"Jack Russell Terrier","Russell Terrier, JRT, Jack","Small","13-16 years","Average $700 - $1000 USD",5,4,2,2,3,2,5,3
Dog,"Tibetan Terrier","Tsang Apso, Dokhi Apso","Medium","12-15 years","Average $1200 - $2000 USD",5,3,3,5,3,3,1,3
Dog,"Keeshond","Dutch Barge Dog, Smiling Dutchman, Chien Loup, German Spitz, Deutscher Wolfsspitz, Wolfsspitz, Kees","Medium","12-14 years","Average $800 - $1000 USD",5,4,4,4,3,5,5,5
Dog,"Pekingese","Peking Lion Dog, Lion Dog, Chinese Spaniel, Pelchie Dog, Peking Palasthund, Peke","Small","13-15 years","Average $600 - $800 USD",5,1,5,5,4,3,3,3
Dog,"Norwegian Elkhound","Elkhound, Norsk Elghund, Gr? Norsk Elghund, Gray Norwegian Elkhound, Small Grey Elk Dog, Norwegian Moose Dog, Harmaa Norjanhirvikoira","Medium","10-12 years","Average $500 - $700 USD",5,4,3,3,3,4,4,3
Dog,"Leonberger","Leo, Gentle Lion, Gentle Giant","Giant","8-10 years","Average $1500 - $2000 USD",3,5,3,5,5,2,5,3
Dog,"Rat Terrier","American Rat Terrier, Ratting Terrier, Decker Giant, RT, Rat, Rattie","Small","15-18 years","Average $300 - $500 USD",5,5,4,1,3,2,4,4
Dog,"Brussels Griffon","Griffon Belge, Griffon Bruxellois, Belgian Griffon, Petit Braban?on, Griffon, Griff, Bruss","Small","12-15 years","Average $800 - $1000 USD",4,1,5,5,3,2,1,3
Dog,"Borzoi","Russian Wolfhound, Barzo?, Russkaya Psovaya Borzaya, Psovoi","Large","10-12 years","Average $1000 - $1200 USD",3,2,1,4,3,3,5,2
Dog,"Neapolitan Mastiff","Neo, Italian Bulldog, Italian Mastiff, Mastino Napoletano, Italian Molosso, Can'E Presa","Large","8-10 years","Average $1500 - $2000 USD",2,3,3,2,5,2,3,1
Dog,"Silky Terrier","Sydney Silky, Australian Silky Terrier","Small","12-15 years","Average $600 - $800 USD",3,4,3,4,3,4,1,3
Dog,"Wire Fox Terrier","Foxie, Wire Hair Fox Terrier, Wirehaired Terrier","Medium","12-14 years","Average $800 - $1000 USD",5,5,1,3,3,3,1,3
Dog,"English Setter","Lawerack, Laverack, Llewellin (or Llewellyn) Setter","Large","10-12 years","Average $400 - $600 USD",3,5,4,3,3,4,3,5
Dog,"Norwich Terrier","None","Small","12-15 years","Average $1400 - $2000 USD",5,4,4,3,2,4,1,3
Dog,"Gordon Setter","Gordon Castle Setters","Large","10-12 years","Average $800 - $1000 USD",5,5,3,4,3,4,3,3
Dog,"Spinone Italiano","Italian Spinone, Spinone, Italian Griffon, Italian Wire-Haired Pointer, Italian Coarsehaired Pointer","Medium","12-14 years","Average $1500 - $2000 USD",3,5,3,3,3,2,1,5
Dog,"American Hairless Terrier","AHT","Small","14-16 years","Average $300 - $500 USD",3,4,3,4,3,3,1,3
Dog,"Belgian Tervuren","Tervuren, Chien De Berger Belge","Medium","10-12 years","Average $1200 - $1500 USD",5,4,2,3,3,5,5,2
Dog,"Japanese Chin","Chin, Japanese Spaniel","Small","10-12 years","Average $300 - $500 USD",5,2,5,3,3,3,3,5
Dog,"Parson Russell Terrier","Jack Russell Terrier, Parson, Parson Jack Russell Terrier","Medium","13-15 years","Average $400 - $600 USD",5,4,1,2,3,2,3,3
Dog,"Boykin Spaniel","Boykin, Swamp Poodle, LBD (Little Brown Dog)","Medium","14-16 years","Average $800 - $1000 USD",5,4,3,3,3,2,3,3
Dog,"Welsh Terrier","Welshie, WT","Small","10-14 years","Average $800 - $1200 USD",5,4,1,4,2,3,1,3
Dog,"Schipperke","Spitzke, Spits, Spitske","Small","13-15 years","Average $600 - $1000 USD",5,4,4,2,3,5,3,2
Dog,"Afghan Hound","Baluchi Hound, Tazi, Tazhi Spay, Da Kochyano Spay, Sage Balochi, Ogar Afgan, Eastern Greyhound / Persian Greyhound","Large","12-14 years","Average $2000 - $2500 USD",5,4,2,5,3,3,3,2
Dog,"Lagotto Romagnolo","Romagna Water Dog, Lagotto, Water Dog of Romagna, Lagotti Romagnoli","Medium","14-16 years","Average $500 - $700 USD",3,4,3,5,3,3,2,3
Dog,"Irish Terrier","Irish Red Terrier, Daredevil","Medium","12-15 years","Average $600 - $800 USD",5,4,2,4,2,4,1,2
Dog,"Toy Fox Terrier","American Toy Terrier, Amertoy","Small","13-14 years","Average $400 - $600 USD",5,2,5,1,3,2,3,3
Dog,"Pointer","English Pointer","Medium","12-15 years","Average $400 - $500 USD",5,5,1,1,1,2,1,2
Dog,"Tibetan Spaniel","Tibbie, Simkhyi","Small","12-15 years","Average $800 - $1000 USD",5,4,5,3,2,4,1,2
Dog,"Black Russian Terrier","Chornyi, Terrier Noir Russem, Schwarzer Russicher Terrier, Tchiorny Terrier, Mustaterrieri, Black Terrier, Russian Bear Schnauzer, BRT, Stalin's Dog","Large","10-14 years","Average $1800 - $2500 USD",3,3,3,3,2,2,1,1
Dog,"Miniature Bull Terrier","Bull Terrier (Miniature)","Small","10-12 years","Average $1200 - $2000 USD",4,4,1,1,3,2,3,3
Dog,"Bluetick Coonhound","None","Large","11-12 years","Average $500 - $600 USD",5,4,3,1,1,2,3,3
Dog,"American Eskimo Dog (Toy, Miniature, Standard)","Eskimo Spitz, American Spitz, German Spitz, Eskie","Small","12-15 years","Average $600 - $800 USD",5,4,3,3,3,2,5,2
Dog,"Welsh Springer Spaniel","Welsh Springer, Welsh Cocker Spaniel, Welsh Starter, Welshie","Medium","12-15 years","Average $1200 - $1400 USD",5,5,3,3,3,4,3,2
Dog,"Smooth Fox Terrier","Fox Terrier, Foxie, SFT","Small","12-15 years","Average $700 - $1000 USD",5,5,1,2,3,4,3,2
Dog,"Saluki","Gazelle Hound, Persian Greyhound","Large","12-14 years","Average $600 - $800 USD",5,4,2,1,3,4,1,3
Dog,"Bearded Collie","Highland Collie, Mountain Collie, Argle Bargle, Hairy Mou'ed Collie, Beardie","Medium","12-14 years","Average $1200 - $1400 USD",5,4,4,5,3,4,4,4
Dog,"Kerry Blue Terrier","Kerry, Irish Blue Terrier","Medium","12-15 years","Average $500 - $600 USD",5,4,2,5,3,4,1,3
Dog,"Black and Tan Coonhound","American Black And Tan Coonhound","Large","10-12 years","Average $300 - $400 USD",5,5,5,1,3,4,5,3
Dog,"Belgian Sheepdog","Groenendael, Chien De Berger Belge","Large","12-14 years","Average $1200 - $1400 USD",5,4,5,3,3,5,3,3
Dog,"English Toy Spaniel","King Charles Spaniel, Toy Spaniel, Prince Charles Spaniel, Ruby Spaniel, Blenheim Spaniel, Charlies","Small","10-12 years","Average $1000 - $1800 USD",5,3,3,3,2,2,3,2
Dog,"Boerboel","South African Boerboel, South African Mastiff","Large","10-12 years","Average $1500 - $2000 USD",3,4,2,1,2,2,3,2
Dog,"Briard","Berger De Brie, Berger Briard","Large","10-12 years","Average $1000 - $1200 USD",4,4,3,5,3,5,3,2
Dog,"Manchester Terrier (Toy, Standard)","Black and Tan Manchester, Black and Tan Terrier, English Toy Terrier","Small","14-16 years","Average $600 - $1000 USD",5,3,3,1,2,4,1,3
Dog,"Norfolk Terrier","None","Small","12-15 years","Average $2000 - $2500 USD",5,4,4,3,3,4,1,2
Dog,"Tibetan Mastiff","Dok-Khyi, Tsang-khyi","Large","10-14 years","Average $2500 - $3500 USD",3,4,3,3,2,2,3,1
Dog,"Australian Terrier","Aussie","Small","12-15 years","Average $600 - $800 USD",5,4,1,3,4,4,1,3
Dog,"Treeing Walker Coonhound","TWC, Walker","Medium","12-13 years","Average $400 - $600 USD",3,4,1,1,1,2,3,3
Dog,"Bedlington Terrier","Rothbury Terrier, Rodbery Terrier","Medium","14-16 years","Average $1800 - $2000 USD",4,4,3,5,3,4,1,4
Dog,"Xoloitzcuintli","Mexican Hairless, Xoloitzcuintli, Xoloitzcuintle, Xoloitzquintle, Xoloescuincle, Xolo, Xolito","Medium","14-20 years","Average $600 - $800 USD",5,4,5,2,1,2,1,2
Dog,"Beauceron","Berger De Beauce, Bas-Rouge, French Shorthaired Shepherd, Beauce Shepherd","Large","10-12 years","Average $1200 - $1500 USD",3,4,2,2,2,3,3,2
Dog,"Berger Picard","Berger de Picardie, Picardy Shepherd, Picardy Sheepdog","Medium","12-15 years","Average $2000 - $2500 USD",4,5,3,3,2,3,3,2
Dog,"Irish Red and White Setter","Irish R&W Setter, IRWS","Large","11-13 years","Average $800 - $1000 USD",5,5,3,3,3,2,3,4
Dog,"Redbone Coonhound","Redbone Hound, Reds","Medium","12-14 years","Average $600 - $800 USD",5,5,2,1,1,2,1,4
Dog,"Clumber Spaniel","Retired Gentleman's Spaniel","Large","10-12 years","Average $800 - $1200 USD",5,4,3,3,3,4,5,2
Dog,"Lakeland Terrier","None","Small","12-16 years","Average $1200 - $1800 USD",3,4,1,5,2,3,3,4
Dog,"German Pinscher","Standard Pinscher, Glatthaariger Pinscher","Medium","12-15 years","Average $1400 - $1600 USD",3,4,3,1,4,2,1,3
Dog,"Field Spaniel","Field","Medium","11-15 years","Average $800 - $1000 USD",5,5,3,2,3,4,3,3
Dog,"Petit Basset Griffon Vendeen","PBGV","Medium","11-14 years","Average $1200 - $1600 USD",3,4,3,3,4,3,3,4
Dog,"Affenpinscher","Affen, Affie, African Terrier, Monkey Dog, Monkey Terrier","Small","12-14 years","Average $800 - $1200 USD",5,1,3,5,3,4,1,3
Dog,"Irish Water Spaniel","Whiptail, Shannon Spaniel, Rat Tail Spaniel, Bog Dog","Medium","10-12 years","Average $800 - $1000 USD",4,5,2,4,4,1,1,2
Dog,"Greyhound","English Greyhound","Giant","10-13 years","Average $500 - $800 USD",5,5,2,1,3,4,3,5
Dog,"Ibizan Hound","Ca Eivissenc, Podenco Ibicenco, Ibizan Warren Hound","Large","12-14 years","Average $800 - $1200 USD",4,4,2,3,3,4,3,2
Dog,"Icelandic Sheepdog","Icelandic Spitz, Iceland Dog, ?slenskur Fj?rhundur, Islandsk Farehond, Friaar Dog, Canis Islandicus","Medium","12-15 years","Average $800 - $1000 USD",5,5,3,3,2,2,3,4
Dog,"Scottish Deerhound","Deerhound","Giant","8-10 years","Average $1000 - $1200 USD",3,5,2,2,5,4,3,5
Dog,"Sealyham Terrier","Welsh Border Terrier, Cowley Terrier","Small","14-16 years","Average $800 - $1000 USD",5,4,3,3,2,4,1,3
Dog,"American Water Spaniel","AWS, American Brown Spaniel, American Brown Water Spaniel","Medium","10-13 years","Average $800 - $1000 USD",5,5,3,3,3,4,1,5
Dog,"Wirehaired Vizsla","Dr?tsz?r? magyar vizsla, Hungarian Wirehaired Vizsla","Medium","12-14 years","Average $800 - $1000 USD",5,4,3,2,3,2,1,4
Dog,"Plott Hound","Plotthund, Plott","Medium","12-14 years","Average $300 - $500 USD",3,4,2,1,1,2,1,2
Dog,"Puli","Hungarian Puli, Hungarian Water Dog, Pulik","Medium","12-16 years","Average $1000 - $1200 USD",3,4,3,5,3,5,1,2
Dog,"Portuguese Podengo Pequeno","Podengo Portugues, Portuguese Warren Hound","Small","12-14 years","Average $800 - $1000 USD",3,4,2,1,1,2,3,3
Dog,"Entlebucher Mountain Dog","Entlebucher Sennenhund, Entelbucher Cattle Dog, Entlebucher","Medium","11-15 years","Average $1000 - $1200 USD",3,4,3,1,3,2,3,2
Dog,"Spanish Water Dog","Perro De Agua Espa?ol, SWD","Medium","10-14 years","Average $1000 - $1200 USD",4,2,2,3,3,2,1,2
Dog,"Swedish Vallhund","V?stg?taspets","Medium","12-14 years","Average $700 - $900 USD",5,5,5,3,2,2,5,5
Dog,"Curly-Coated Retriever","Curly, CCR","Large","8-12 years","Average $600 - $800 USD",5,4,3,2,2,4,3,3
Dog,"Kuvasz","Hungarian Kuvasz","Giant","10-12 years","Average $1200 - $1500 USD",3,4,3,3,4,4,4,2
Dog,"Otterhound","None","Large","10-12 years","Average $500 - $600 USD",3,4,3,4,2,4,4,2
Dog,"Dandie Dinmont Terrier","Dandie, Hindlee Terrier","Small","12-14 years","Average $1400 - $1600 USD",5,4,3,3,2,3,1,3
Dog,"Pharaoh Hound","Kelb Tal-Fenek (in Country Of Origin), Pharaoh","Medium","12-14 years","Average $1800 - $2000 USD",5,4,2,1,1,4,1,4
Dog,"Polish Lowland Sheepdog","Polski Owczarek Nizinny (Polish), Valee Sheepdog, PON, Nizinny, PLS","Medium","10-12 years","Average $1500 - $2000 USD",3,4,3,4,2,2,1,2
Dog,"American English Coonhound","English Coonhound, Redtick Coonhound","Large","10-12 years","Average $1000 - $1200 USD",4,4,3,1,3,2,3,2
Dog,"Lowchen","Petit Chien Lion, Little Lion Dog","Small","12-15 years","Average $300 - $500 USD",5,4,5,5,2,2,1,5
Dog,"Sussex Spaniel","Sussex","Medium","12-15 years","Average $2400 - $2600 USD",5,5,3,3,3,2,3,3
Dog,"Finnish Lapphund","Lapinkoira, Suomenlapinkoira","Medium","12-15 years","Average $600 - $800 USD",5,5,3,5,2,2,5,2
Dog,"Norwegian Buhund","Norsk Buhund, Norwegian Sheepdog","Medium","13-15 years","Average $800 - $1000 USD",5,5,5,1,2,2,3,3
Dog,"Chinook","None","Large","12-15 years","Average $800 - $1000 USD",5,5,3,3,3,2,3,3
Dog,"Pyrenean Shepherd","Berger Des Pyr?n?es, Petit Berger, Pyrenees Sheepdog, Pyr Shep","Medium","15-17 years","Average $500 - $800 USD",2,4,3,3,2,2,3,2
Dog,"Komondor","Hungarian Sheepdog, Hungarian Komondor, Mop Dog","Large","10-12 years","Average $800 - $1200 USD",3,2,4,4,3,2,1,1
Dog,"Skye Terrier","None","Medium","12-14 years","Average $700 - $900 USD",5,3,2,3,4,4,1,2
Dog,"Finnish Spitz","Barking Bird Dog, Finnish Hunting Dog, Finnish Spets, Finsk Spets, Loulou Finois, Suomalainen Pystykorva, Suomenpystykorva","Medium","12-15 years","Average $500 - $700 USD",3,4,4,3,4,4,3,3
Dog,"Glen of Imaal Terrier","Glen, Glennie, Irish Glen Of Imaal Terrier","Medium","12-14 years","Average $800 - $1000 USD",5,4,1,2,3,2,1,2
Dog,"Canaan Dog","Kalef K'Naani, Canaanite Dog","Medium","12-14 years","Average $800 - $1200 USD",5,5,2,1,3,2,3,3
Dog,"Cesky Terrier","Bohemian Terrier","Small","12-15 years","Average $300 - $500 USD",3,4,3,5,3,2,1,2
Dog,"Cirneco dell?Etna","Cirneco","Medium","12-15 years","Average $800 - $1000 USD",5,4,3,2,1,2,1,3
Dog,"Bergamasco","Bergamasco Shepherd Dog, Bergermaschi","Large","13-15 years","Average $1000 - $1200 USD",5,5,3,2,2,2,1,2
Dog,"Harrier","None","Medium","10-12 years","Average $300 - $400 USD",3,5,2,1,1,2,3,4
Dog,"English Foxhound","Foxhound","Large","10-13 years","Average $800 - $1200 USD",4,5,2,1,1,4,3,3
Dog,"Norwegian Lundehund","Norsk Lundehund, Norwegian Puffin Dog, Lundehund","Small","10-12 years","Average $400 - $600 USD",4,4,2,3,3,2,3,2
Dog,"American Foxhound","Foxhound","Large","10-12 years","Average $400 - $600 USD",5,5,2,1,1,4,1,3
Dog,"Miniature Poodle","Caniche, Barbone, Chien Canne, Carniche Moyen, Barboncino Miniatura, French Poodle, Pudle, Zwergpudel","Small","14-16 years","Average $1000 - $1500 USD",5,5,4,5,3,5,1,4
Dog,"Toy Poodle","Caniche, Barbone, Chien Canne, Teacup Poodle, French Poodle, Pudle, Teddy Poodle","Small","14-16 years","Average $1000 - $1500 USD",5,5,4,5,3,5,1,4
Dog,"Miniature Shar Pei","Mini Shar Pei, Mini Pei, Miniature Chinese Shar-Pei","Small","9-11 years","Average $1500 - $2000 USD",3,1,3,3,5,4,1,1
Dog,"Grand Bleu de Gascogne","?","Large","12-14 years","Average $1000 - $1500 USD",3,4,3,3,3,2,2,3
Dog,"Kangal Dog","Sivas Kangal, Turkish Kangal","Giant","12-15 years","Average $600 - $800 USD",3,4,3,3,3,2,5,3
Dog,"Spanish Greyhound","Spanish Galgo, Galgo Espa?ol, Galgo","Large","12-15 years","Average $600 - $800 USD",3,4,3,1,1,2,3,3
Dog,"Africanis","African Dog, Bantu Dog, Hottentot Hunting Dog, Khoikhoi Dog, Tswana breed dog, Zulu Dog, Umbwa Wa Ki-Shenzi","Medium","10-12 years","Average $300 - $500 USD",3,4,3,2,2,2,2,3
Dog,"Aidi","A?di, Atlas Mountain Dog, Atlas Shepherd Dog, Berber Dog, Chien de l'Atlas, Chien de Montagne de l'Atlas, Kabyle Dog","Medium","10-12 years","Average $300 - $500 USD",3,4,3,2,2,2,3,2
Dog,"Akbash Dog","Akbash, Akba? ?oban K?pe?i, Coban Kopegi","Large","10-12 years","Average $500 - $700 USD",3,4,3,3,2,2,3,2
Dog,"Alano Espanol","Spanish Alano, Spanish Bulldog, Alano","Large","11-14 years","Average $600 - $800 USD",3,4,3,1,2,3,2,2
Dog,"Alapaha Blue Blood Bulldog","Otto Bulldog, Catahoula Bulldog","Large","12-15 years","Average $800 - $1200 USD",5,4,3,1,2,3,1,1
Dog,"Alaskan Klee Kai","AKK, Klee Kai, Miniature Alaskan Husky, Mini Husky","Medium","12-15 years","Average $1000 - $1500 USD",3,4,3,2,2,3,1,3
Dog,"American Mastiff","AM Mastiff","Large","10-12 years","Average $1000 - $1500 USD",0,0,0,0,0,0,0,0
Dog,"American Pit Bull Terrier","APBT, Pit Bull, Pitty, Pit, Pitbull","Medium","10-14 years","Average $500 - $700 USD",3,4,1,1,2,3,3,3
Dog,"American Staghound","Staghound","Large","10-12 years","Average $800 - $1000 USD",3,4,3,1,2,3,3,3
Dog,"American White Shepherd","White Swiss Shepherd, White Canadian Shepherd, White German Shepherd, WS, WGSD","Medium","12-14 years","Average $600 - $800 USD",3,4,3,3,2,3,3,2
Dog,"Appenzeller Sennenhund","Appenzeller, Appenzell Cattle Dog, Appenzeller Mountain Dog, Entlebucher Sennenhund, Entlebucher Mountain Dog","Medium","12-15 years","Average $600 - $800 USD",3,4,3,2,2,3,3,2
Dog,"Dogo Argentino","Argentine Dogo, Argentine Mastiff, Dogo","Large","10-12 years","Average $2800 - $5000 USD",3,3,1,2,2,3,3,1
Dog,"Ariege Pointer","Braque de l?Ari?ge, Ariege Pointing Dog","Large","10-13 years","Average $600 - $800 USD",0,0,0,0,0,0,0,0
Dog,"Ariegeois","Ariege Hound","Medium","10-12 years","Average $600 - $800 USD",3,4,3,2,2,3,3,3
Dog,"Australian Bulldog","Aussie Bulldog","Medium","10-12 years","Average $500 - $700 USD",3,4,3,3,2,3,3,2
Dog,"Australian Kelpie","Australian Sheepdog, Australischer Kelpie, Kelpie, Barb","Medium","10-14 years","Average $500 - $700 USD",5,4,3,1,2,3,3,2
Dog,"Australian Stumpy Tail Cattle Dog","Stumpy Tail Cattle Dog, Stumpy, Stumpy Tail, Heeler","Medium","10-13 years","Average $500 - $700 USD",5,4,3,2,2,3,3,2
Dog,"Austrian Black and Tan Hound","?sterreichische Glatthaarige, Bracke, Austrian Smooth-haired Hound, Brandlbracke","Medium","12-14 years","Average $400 - $600 USD",3,4,3,2,2,3,3,3
Dog,"Austrian Pinscher","?sterreichischer Kurzhaarpinscher, Austrian Shorthaired Pinscher","Medium","12-14 years","Average $300 - $500 USD",3,4,3,2,2,3,5,2
Dog,"Azawakh","Idi, Hanshee, Oska, Rawondu, Bareeru, Wulo, Tuareg Sloughi","Large","10-12 years","Average $600 - $800 USD",2,2,1,1,3,3,3,1
Dog,"Barbet","French Water Dog","Medium","13-15 years","Average $600 - $1000 USD",4,4,3,3,2,3,1,3
Dog,"Basset Bleu de Gascogne","Blue Gascony Basset, Bleus de Gascogne","Small","11-13 years","Average $600 - $800 USD",4,4,3,2,2,3,3,3
Dog,"Basset Fauve de Bretagne","Fawn Brittany Basset","Small","11-14 years","Average $600 - $800 USD",3,4,3,2,2,3,3,3
Dog,"Bavarian Mountain Hound","Bavarian Mountain Scenthound, Bayerischer Gebirgsschwei","Medium","10-12 years","Average $600 - $800 USD",2,4,3,2,2,3,3,3
Dog,"Belgian Shepherd Laekenois","Belgian Laekenois, Belgian Shepherd Dog (Laeken), Chien de Berger Belge","Medium","10-12 years","Average $500 - $800 USD",4,4,3,2,2,3,1,2
Dog,"Black Mouth Cur","Southern Cur, Yellow Black Mouth, East Texas Cur, American Black Mouth Cur","Medium","12-18 years","Average $300 - $500 USD",3,3,2,2,2,3,2,3
Dog,"Black Norwegian Elkhound","Norsk Elghund Sort, Norsk Elghund Black, Black Elkhound, Norwegian Moose Dog (black)","Medium","12-15 years","Average $500 - $700 USD",3,4,2,3,2,3,2,2
Dog,"Blue Lacy","Lacy Dog, Lacy Game Dog, Texas Blue Lacy, Lacy Hog Dog","Medium","14-16 years","Average $600 - $800 USD",3,3,2,1,2,3,1,2
Dog,"Blue Picardy Spaniel","?pagneul Bleu de Picardie, Bleu Picard","Medium","12-14 years","Average $600 - $800 USD",3,4,3,3,2,3,3,2
Dog,"Bohemian Shepherd","Chodsk? pes, Czech Sheepdog, Bohemian Herder, Chodenhund","Medium","10-13 years","Average $700 - $900 USD",3,4,4,2,2,3,3,3
Dog,"Bouvier des Ardennes","Ardennes Cattle Dog","Medium","12-14 years","Average $700 - $900 USD",0,0,0,0,0,0,0,0
Dog,"Bracco Italiano","Italian Pointer, Italian Pointing Dog, Bracco","Medium","11-13 years","Average $700 - $900 USD",4,4,2,2,2,3,3,3
Dog,"Braque du Bourbonnais","Bourbonnais Pointer, Bourbonnais Pointing Dog","Medium","13-15 years","Average $900 - $1200 USD",3,4,2,2,3,3,3,3
Dog,"Brazilian Terrier","Fox Paulistinha, Terrier Brasileiro","Small","12-14 years","Average $500 - $700 USD",3,4,4,1,3,3,2,3
Dog,"Briquet Griffon Vendeen","?","Medium","10-12 years","Average $400 - $600 USD",0,0,0,0,0,0,0,0
Dog,"Bukovina Sheepdog","Bucovina Shepherd, Romanian Bukovina Sheepdog","Large","10-14 years","Average $800 - $1000 USD",3,4,2,3,2,3,3,2
Dog,"Bulgarian Shepherd Dog","Karakachan, Karakachan Shepherd Dog","Medium","12-14 years","Average $800 - $1000 USD",3,4,3,3,2,3,3,2
Dog,"C?o da Serra de Aires","Portuguese Sheepdog, Portuguese Shepherd Dog","Medium","12-14 years","Average $800 - $1000 USD",3,4,3,2,2,3,3,3
Dog,"Canadian Eskimo Dog","Qimmiq, Canadian Inuit Dog, Esquimaux Dog, Exquimaux Husky","Large","12-14 years","Average $1000 - $1200 USD",3,4,3,3,2,3,3,3
Dog,"Caravan Hound","Mudhol Dog, Maratha Hound, Pashmi Hound","Large","10-15 years","Average $800 - $1000 USD",3,4,2,2,2,3,2,2
Dog,"Carolina Dog","American Dingo, Dixie Dingo, North American Native Dog, Indian's Dog, Ol' Yaller, Yeller Dog, Yellow Dog","Medium","12-14 years","Average $800 - $1000 USD",3,3,3,2,2,3,3,2
Dog,"Carpathian Sheepdog","Ciob?nesc Rom?nesc Carpatin, Romanian Carpathian Shepherd, C?ine Ciob?nesc Carpatin, Carpathian Sheepdog, Carpatin, Romanian Carpatin Herder, Rumanian Carpathian","Large","12-14 years","Average $800 - $1000 USD",2,3,2,2,2,3,3,2
Dog,"Catahoula Bulldog","Catahoula Bulldogge, American Mastahoula","Large","10-14 years","Average $500 - $700 USD",3,4,2,2,2,3,1,2
Dog,"Catahoula Leopard Dog","Catahoula Hog Dog, Catahoula Cur, Catahoula Hound","Medium","11-13 years","Average $300 - $500 USD",3,4,3,1,3,3,2,2
Dog,"Catalan Sheepdog","Gos d'Atura Catal?, Catalan shepherd, Catalan sheepdog","Medium","12-14 years","Average $600 - $800 USD",3,4,3,3,2,3,3,2
Dog,"Caucasian Ovcharka","Azerbaijani Shepherd Dog, Georgian Nagazi, Caucasian Mountain Dog, Circassian Sheep Dog, Armenian Khobun Dog, Kars (Kafkas) K?pe?i","Large","10-12 years","Average $1500 - $2000 USD",4,4,3,2,2,3,3,2
Dog,"Central Asian Ovtcharka","Central Asian Shepherd Dog, Alabai, CAO, Aziat","Large","12-14 years","Average $1200 - $2000 USD",4,4,3,3,2,3,3,1
Dog,"Cesky Fousek","Bohemian Wirehaired Pointing Griffon, Rough-coated Bohemian Pointer, Barbu tch?que","Medium","12-15 years","Average $500 - $700 USD",3,4,2,2,2,3,3,2
Dog,"Chart Polski","Polish Greyhound","Large","10-12 years","Average $800 - $1000 USD",0,0,0,0,0,0,0,0
Dog,"Cockapoo","Cockerpoo, Spoodle (AU), Cockerdoodle","Small","14-18 years","Average $900 - $1100 USD",5,4,5,5,3,3,3,5
Dog,"Croatian Sheepdog","Hrvatski ov?ar, Kroatischer Sch?ferhund","Medium","12-14 years","Average $1000 - $1200 USD",4,4,3,2,2,3,3,2
Dog,"Czechoslovakian Wolfdog","Slovak Wolfdog, Czech Wolfdog, Ceskoslovensky Vlcak","Medium","12-15 years","Average $400 - $600 USD",3,4,2,2,2,3,3,2
Dog,"Danish-Swedish Farmdog","Scanian Terrier, Dansk-svensk g?rdshund","Small","10-15 years","Average $600 - $800 USD",5,4,3,2,2,3,3,3
Dog,"Deutsche Bracke","German Bracke, Olper Bracke, Westphalian Bracke","Medium","10-12 years","Average $400 - $600 USD",0,0,0,0,0,0,0,0
Dog,"Dingo","Australian Dingo, Australian Native Dog, Maliki, Warrigal, Noggum, Mirigung, Boolomo","Medium","16-20 years","Average $500 - $1000 USD",5,3,3,1,2,3,3,3
Dog,"Drentse Patrijshond","Dutch Partridge Dog, Drentsche Patrijshond, Drent","Medium","12-14 years","Average $500 - $700 USD",0,0,0,0,0,0,0,0
Dog,"Drever","Swedish Dachsbracke","Small","12-14 years","Average $600 - $800 USD",5,4,3,2,2,3,3,3
Dog,"Dunker","Norwegian Hound","Medium","10-12 years","Average $500 - $700 USD",0,0,0,0,0,0,0,0
Dog,"Dutch Shepherd Dog","Dutch Shepherd, Hollandse Herder","Large","12-15 years","Average $1000 - $1200 USD",5,3,2,2,3,3,3,2
Dog,"Dutch Smoushond","Dutch Ratter, Hollandse Smoushond","Small","12-15 years","Average $500 - $700 USD",3,4,4,2,2,3,2,2
Dog,"East Siberian Laika","Vostotchno-Sibirskaia Laika","Large","12-15 years","Average $800 - $1000 USD",0,0,0,0,0,0,0,0
Dog,"East-European Shepherd","Byelorussian Ovcharka, Vostochnoevropejskaya Ovcharka, VEO","Large","10-14 years","Average $800 - $1000 USD",4,3,2,3,2,3,3,2
Dog,"English Shepherd","Farm Collie (This name is also used for the Scotch Collie)","Medium","12-15 years","Average $800 - $1000 USD",4,4,4,2,2,3,3,2
Dog,"Eurasier","Eurasian, Eurasian Spitz, Eurasian Dog","Medium","11-13 years","Average $800 - $1000 USD",5,4,4,3,2,3,3,1
Dog,"Fila Brasileiro","Brazilian Mastiff, Brazilian Molosser, C?o de Fila","Large","9-11 years","Average $1000 - $1300 USD",3,2,1,2,2,3,3,1
Dog,"Finnish Hound","Suomenajokoira, Finnish Bracke","Medium","10-12 years","Average $600 - $800 USD",3,4,3,2,2,3,3,3
Dog,"French Spaniel","Epagneul Fran?ais, French Setter, Canadian Setter","Medium","10-12 years","Average $600 - $800 USD",3,4,3,2,2,3,5,3
Dog,"Francais Blanc et Noir","Chien Francais Blanc Et Noir","Large","10-12 years","Average $500 - $700 USD",0,0,0,0,0,0,0,0
Dog,"Jagdterrier","Deutscher Jagdterrier, German Jagdterrier, German Hunting Terrier, German Hunt Terrier","Medium","12-15 years","Average $300 - $500 USD",3,4,2,2,2,3,3,3
Dog,"German Longhaired Pointer","Deutscher Langhaariger, Deutscher Langhaariger Vorstehhund, Pointer (German Longhaired), Langhaar, GLP","Large","10-12 years","Average $600 - $800 USD",3,4,3,3,2,3,3,3
Dog,"Goldendoodle","Curly Golden, Curly Retriever, Goldenpoo","Small","10-15 years","Average $600 - $800 USD",5,5,4,5,4,3,3,5
Dog,"Polish Hunting Dog","Polish Scenthound, Go?czy Polski","Medium","10-13 years","Average $600 - $800 USD",0,0,0,0,0,0,0,0
Dog,"Grand Basset Griffon Vendeen","Basset Griffon Vend?en (Grand), GBGV","Medium","12-15 years","Average $600 - $800 USD",0,0,0,0,0,0,0,0
Dog,"Greenland Dog","Gronlandshunden, Greenland Husky","Medium","12-14 years","Average $500 - $800 USD",3,4,4,1,3,2,0,3
Dog,"Griffon bleu de Gascogne","None","Medium","12-15 years","Average $400 - $500 USD",4,4,3,2,2,2,0,4
Dog,"Large Munsterlander","Grosser Munsterlander Vorstehhund, Vorstehhund","Large","11-13 years","Average $400 - $500 USD",5,5,3,3,2,3,3,3
Dog,"Hamilton Hound","Hamiltonstovare, Swedish Foxhound","Medium","11-13 years","Average $400 - $500 USD",4,4,3,1,3,3,1,3
Dog,"Hokkaido Dog","Ainu dog, D?-ken, Ainu-ken, Seta","Medium","11-13 years","Average $300 - $400 USD",3,4,3,4,3,3,3,3
Dog,"Hovawart","Hovie","Medium","10-14 years","Average $1000 - $1200 USD",5,4,3,2,3,3,3,2
Dog,"J?mthund","Swedish Elkhound","Medium","11-14 years","?",3,0,0,3,0,3,0,0
Dog,"Japanese Spitz","None","Small","10-16 years","Average $500 - $800 USD",4,5,4,4,3,3,3,3
Dog,"Japanese Terrier","Nippon Terrier, Nihon Teria, Nihon Terrier, Kobe Terrier, Mikado Terrier, Oyuki (Snowy) Terrier","Small","12-15 years","?",0,0,0,0,0,0,0,0
Dog,"Korean Jindo","Korean Jindo Dog, Chindo, Jindo, Jindo Gae, Jindogae, Jin Dog, Jindo Gu","Medium","12-15 years","Average $300 - $400 USD",4,4,3,4,2,3,3,3
Dog,"Karelian Bear Dog","KBD, Karjalankarhukoira, Karelsk Bj?rnhund","Medium","10-12 years","Average $1000 - $1200 USD",4,3,3,4,1,3,3,3
Dog,"Kishu Ken","Kishu, Kishu Inu","Medium","11-13 years","Average $300 - $500 USD",4,4,3,4,1,3,3,3
Dog,"Kooikerhondje","Kooiker Dog, Nederlandse Kooikerhondje, Small Dutch Waterfowl Dog","Medium","12-14 years","Average $600 - $800 USD",5,4,3,2,3,3,3,2
Dog,"Koolie","Australian Koolie, German Koolie, German Coolie","Medium","16-18 years","Average $400 - $600 USD",4,4,3,2,3,3,3,2
Dog,"Kromfohrlander","L?nder, Kromi","Medium","12-14 years","Average $400 - $600 USD",4,4,3,3,3,3,3,2
Dog,"Lancashire Heeler","Ormskirk Heeler, Ormskirk Terrier","Small","12-15 years","Average $600 - $800 USD",4,4,3,2,3,3,3,3
Dog,"Landseer","Landseer Newfoundland","Giant","9-11 years","Average $2000 - $2500 USD",3,4,3,3,3,3,3,3
Dog,"Lapponian Herder","Lapland Reindeer Dog, Reindeer Herder, Lapinporokoira","Medium","10-12 years","Average $600 - $800 USD",0,0,0,0,0,0,0,0
Dog,"McNab","McNab Border Collie, McNab Sheepdog, McNab Herding Dog","Medium","13-15 years","Average $300 - $500 USD",3,4,3,3,3,3,3,3
Dog,"Miniature Bulldog","Bull-Pug, Mini-Bulldog, English Toy Bulldog","Small","9-12 years","Average $800 - $1200 USD",3,4,3,1,3,3,3,3
Dog,"Mudi","Hungarian Mudi, Canis Ovilis Fenyesi","Medium","12-14 years","Average $800 - $1000 USD",5,4,3,2,2,3,3,3
Dog,"Small Munsterlander","Kleiner M?nsterl?nder, Vorstehhund, Spion, Heidewachtel","Medium","12-14 years","Average $800 - $1000 USD",5,5,3,3,2,3,3,3
Dog,"New Guinea Singing Dog","New Guinea Highland Dog, Singer, NGSD, New Guinea Wild Dog, Hallstrom Dog","Small","16-19 years","?",0,0,0,0,0,0,0,0
Dog,"Norrbottenspets","Nordic Spitz, Norrbottenspitz, Pohjanpystykorva","Medium","12-15 years","Average $600 - $800 USD",3,4,3,2,2,3,3,3
Dog,"Northern Inuit Dog","NI dog","Medium","12-14 years","Average $800 - $1000 USD",4,4,3,3,3,3,3,3
Dog,"Olde English Bulldogge","OEB, English Bulldog","Medium","11-13 years","Average $1800 - $2500 USD",5,4,3,1,3,3,3,3
Dog,"Pakistani Mastiff","Bully Kutta, Sindhi Mastiff, Bully","Giant","8-10 years","Average $800 - $1200 USD",3,2,2,1,2,3,1,2
Dog,"Patterdale Terrier","Black Fell Terrier","Small","11-14 years","Average $500 - $700 USD",4,4,3,2,2,3,3,3
Dog,"Perro de Presa Canario","Canary Catch Dog, Canarian Molosser, Presa Canario, Dogo Canario, Presa, Canary Mastiff","Large","9-11 years","Average $1200 - $3000 USD",2,2,1,2,4,3,1,2
Dog,"Perro de Presa Mallorquin","Ca de Bou, Mallorquin Mastiff, Mallorquin Bulldog, Perro Dogo Mallorquin, Majorca Mastiff, Majorcan Bulldog, Silverbacks","Medium","10-12 years","Average $800 - $1000 USD",2,2,1,2,4,3,1,2
Dog,"Peruvian Inca Orchid","Flower Dog, Inca Hairless Dog, Viringo, Dielmatian, Perro Sin Pelo del Per","Medium","11-13 years","Average $400 - $600 USD",4,4,3,1,3,3,1,3
Dog,"Picardy Spaniel","?pagneul Picard","Large","12-14 years","Average $600 - $800 USD",0,0,0,0,3,3,0,0
Dog,"Plummer Terrier","None","Small","12-15 years","Average $500 - $700 USD",3,4,3,2,3,3,2,4
Dog,"Portuguese Pointer","Perdigueiro Portugues, Portuguese Pointing Dog","Medium","12-14 years","Average $800 - $1000 USD",2,3,2,2,2,3,2,3
Dog,"Prazsky Krysarik","Prague Ratter","Small","12-15 years","Average $500 - $700 USD",4,3,3,2,3,3,2,3
Dog,"Pudelpointer","None","Large","9-11 years","Average $800 - $1000 USD",0,0,0,0,0,0,0,0
Dog,"Pumi","Hungarian Pumi, Hungarian Herding Terrier","Medium","12-15 years","Average $800 - $1000 USD",5,4,3,3,2,3,3,2
Dog,"Rafeiro do Alentejo","Alentejo Mastiff, Portuguese Mastiff, Mutt of Alentejo","Large","10-12 years","Average $800 - $1000 USD",3,4,2,2,2,3,3,1
Dog,"Rajapalayam","Poligar hound, Indian Sight-Hound","Large","10-12 years","Average $200 - $300 USD",3,3,1,2,3,3,1,1
Dog,"Russian Spaniel","Rosyjski Spaniel","Small","14-16 years","Average $300 - $500 USD",4,4,3,2,2,3,3,3
Dog,"Russian Toy","Russian Toy Terrier, Russian Terrier, Moscow Toy Terrier, Moscovian Miniature Terrier","Small","11-13 years","Average $600 - $800 USD",4,4,3,2,2,3,2,3
Dog,"Saarloos wolfdog","Saarloos Wolfhound","Large","10-12 years","Average $800 - $1000 USD",3,3,3,2,2,3,3,2
Dog,"Sapsali","Sapsal Gae, Sapsaree, Exorcising Dog, Ghost Hunting Clever Dog","Medium","11-13 years","Average $300 - $500 USD",0,0,0,0,0,0,0,0
Dog,"Sarplaninac","Yugoslavian Shepherd Dog","Large","11-13 years","Average $800 - $1000 USD",3,3,2,2,4,3,3,2
Dog,"Schapendoes","Dutch Schapendoes, Nederlandse Schapendoes","Medium","12-14 years","Average $500 - $700 USD",3,4,4,2,2,3,3,4
Dog,"Seppala Siberian Sleddog","?","Medium","12-16 years","Average $600 - $800 USD",3,3,3,2,2,3,3,3
Dog,"Shikoku dog","Kochi-ken, Mikawa Inu, Japanese Wolfdog","Medium","10-12 years","Average $500 - $700 USD",3,3,3,2,2,3,3,3
Dog,"Shiloh Shepherd dog","Shiloh","Giant","12-14 years","Average $800 - $1000 USD",3,4,3,2,2,3,3,3
Dog,"Silken Windhound","Silken","Medium","16-20 years","Average $800 - $1000 USD",4,4,3,3,2,3,3,3
Dog,"Sloughi","Berber Greyhound, Sloughi Moghrebi","Medium","12-15 years","Average $800 - $1000 USD",1,4,1,1,2,3,3,2
Dog,"Smaland Hound","Sm?landsst?vare","Medium","12-14 years","Average $600 - $800 USD",0,0,0,0,0,0,0,0
Dog,"South Russian Ovcharka","Ioujnorousska?a Ovtcharka, South Russian Sheepdog, Ukrainian Ovcharka, Yuzhak, South Ukrainian Ovcharka, South Russian Shepherd Dog","Large","9-11 years","Average $800 - $1000 USD",5,3,3,4,2,3,3,3
Dog,"Pont-Audemer Spaniel","Epagneul Pont-Audemer, Setter of Pont-Audemer","Medium","12-14 years","Average $500 - $700 USD",0,0,0,0,0,0,0,0
Dog,"Spanish Mastiff","Mast?n Espa?ol, Mast?n de Espa?a, Mastin de la Mancha, Mastin de Extremadura, Mastin de Leon","Giant","10-12 years","Average $600 - $800 USD",3,4,3,2,2,3,3,3
Dog,"Serbian Hound","Balkan Hound, Srpski goni?, Balkanski goni?","Medium","12-14 years","Average $500 - $700 USD",0,0,0,0,0,0,0,0
Dog,"Swedish Lapphund","None","Medium","10-13 years","Average $400 - $600 USD",5,5,5,3,1,3,5,2
Dog,"Tamaskan Dog","Tamaskan husky, Tam","Large","14-16 years","Average $600 - $800 USD",3,4,2,2,2,3,3,3
Dog,"Thai Bangkaew Dog","TBD, Bangkaew","Medium","10-12 years","Average $400 - $600 USD",0,0,0,0,0,0,0,0
Dog,"Thai Ridgeback","Mah Thai, Thai Dog, Mah Thai Lung Arn","Medium","11-13 years","Average $600 - $800 USD",5,4,1,1,2,3,3,1
Dog,"Tornjak","Bosnian Shepherd Dog, Croatian Mountain Dog, Bosnian and Herzegovinian Shepherd Dog","Large","10-12 years","Average $600 - $800 USD",4,4,3,4,2,3,3,3
Dog,"Tosa","Tosa Inu, Tosa Ken, Tosa T?ken, Japanese Fighting Dog, Japanese Mastiff, Tosa Fighting Dog, Japanese Tosa","Large","10-12 years","Average $600 - $800 USD",2,3,2,1,2,3,3,1
Dog,"Karst Shepherd","?","Medium","11-12 years","Average $800 - $1000 USD",3,4,3,3,3,2,3,3
Dog,"Transylvanian Hound","Erd?lyi kop?, Hungarian Hound, Transylvanian Scent Hound","Medium","10-12 years","Average $600 - $800 USD",0,0,0,0,0,0,0,0
Dog,"Volpino Italiano","Cane de Quirinale, Florentine Spitz, Italian Spitz, Volpino","Small","14-16 years","Average $600 - $800 USD",4,4,3,3,2,3,3,3
Dog,"West Siberian Laika","Zapadno-Sibirska?a La?ka","Medium","14-16 years","Average $600 - $800 USD",4,4,3,3,2,3,3,3
Dog,"Wetterhoun","Frisian Water Dog, Dutch Spaniel, Otterhoun","Medium","12-14 years","Average $500 - $700 USD",3,4,3,1,2,3,3,2
Dog,"Alaskan Husky","None","Medium","10-15 years","Average $1000 - $1500 USD",5,3,1,3,2,3,3,5
Dog,"Alopekis","Alopecis, Alepouditsa, Bobis, Bouboudi, Moropa, Venetaki","Small","14-16 years","Average $300 - $500 USD",4,4,4,2,2,3,3,3
Dog,"American Bulldog","AmBulldog, AM Bulldog, American Bulldogge, American Bulldoggee, Old Country Bulldog","Medium","10-12 years","Average $700 - $900 USD",4,4,2,1,2,3,3,2
Dog,"Andalusian Hound","Andalusian Podenco, Podenco Andaluz, Podenco Andalusian, Podenco Maneto Andalusian","Small","10-12 years","Average $300 - $500 USD",0,0,0,0,0,0,0,0
Dog,"Basset Artesien Normand","Basset Art?sien Normand, BAN","Small","13-15 years","Average $300 - $500 USD",5,4,3,2,2,3,3,3
Dog,"Beagle-Harrier","Beagle Harrier, French Beagle-Harrier","Medium","12-14 years","Average $400 - $600 USD",0,0,0,0,0,0,0,0
Dog,"Beaglier","None","Small","13-15 years","Average $800 - $1200 USD",0,0,0,0,0,0,0,0
Dog,"Bolognese dog","Bichon Bolognese, Bolognese Toy Dog","Small","13-15 years","Average $1200 - $1500 USD",5,4,5,5,3,3,1,5
Dog,"Bull Arab","Aussie Pig Dog, Australian Pig Dog","Large","12-15 years","Average $300 - $400 USD",3,4,2,2,2,3,3,3
Dog,"Mountain Feist","Treeing Feist, American Treeing Feist, American Feist, Mountain Terrier","Small","10-15 years","Average $300 - $400 USD",3,3,2,2,2,3,3,2
Dog,"Texas Heeler","Aussie Shepherd Heeler","Medium","13-15 years","Average $200 - $400 USD",3,3,2,1,2,3,3,3
Dog,"Chippiparai","None","Medium","12-15 years","Average $80 - $120 USD",0,0,0,0,0,0,0,0
Dog,"Chizer","Schnauchi, Schnizer","Small","12-15 years","Average $300 - $400 USD",0,0,0,0,0,0,0,0
Dog,"Cotonese","?","Small","13-15 years","Average $400 - $600 USD",0,0,0,0,0,0,0,0
Dog,"Taco Terrier","Toy Chitoxy, Toy Chisoxy, Toy Chiwoxy","Small","13-15 years","Average $300 - $400 USD",0,0,0,0,0,0,0,0
Dog,"Cairmal","Cairmal Terrier","Small","12-15 years","Average $400 - $600 USD",0,0,0,0,0,0,0,0
Dog,"King Shepherd","?","Large","10-13 years","Average $1500 - $2500 USD",3,4,2,2,2,3,3,2
Dog,"Kyi-Leo","KYE-LEO","Small","12-15 years","Average $600 - $800 USD",4,4,4,2,2,3,1,2
Dog,"Majestic Tree Hound","Majestic Treehound","Large","10-13 years","Average $600 - $800 USD",0,0,0,0,0,0,0,0
Dog,"Chorkie","Chia-Yorkie, Yorkie-Chi, Yorkiehuahua","Small","12-14 years","Average $300 - $400 USD",0,0,0,0,0,0,0,0
Dog,"Cockalier","Cockalier Spaniel","Medium","12-15 years","Average $500 - $700 USD",0,0,0,0,0,0,0,0
Dog,"Dorgi","Dorgie","Small","12-14 years","Average $200 - $300 USD",0,0,0,0,0,0,0,0
Dog,"Dorkie","Dorkie Terrier","Small","13-15 years","Average $400 - $600 USD",0,0,0,0,0,0,0,0
Dog,"Double Doodle","North American Retriever, Golden Labradoodle","Medium","12-15 years","Average $600 - $800 USD",0,0,0,0,0,0,0,0
Dog,"Maremma Sheepdog","Cane da Pastore, Maremmano-Abruzzese, Pastore Abruzzese, Pastore Maremmano, Abruzzo Sheepdog, Abruzzese Sheepdog, Maremma, Maremmano","Large","11-13 years","Average $600 - $800 USD",3,4,4,3,3,2,3,3
Dog,"Lucas Terrier","?","Small","14-15 years","Average $400 - $600 USD",5,4,3,3,3,2,3,3
Dog,"Lurcher","?","Large","12-14 years","Average $600 - $800 USD",3,4,3,3,3,2,3,3
Dog,"Mal-Shi","Malshi, Malti Zu, Malt-Tzu","Small","12-15 years","Average $800 - $1000 USD",3,4,3,3,3,2,1,3
Dog,"Shichon","Zuchon, Teddy Bear","Small","12-15 years","Average $800 - $1200 USD",4,4,3,1,3,2,1,4
Dog,"Slovensky Cuvac","Slovak Cuvac, Slovak Chuvach, Tatransky Cuvac, Slovak tschuvatsch","Large","11-13 years","Average $800 - $1200 USD",3,4,3,3,3,2,3,4
Dog,"Moscow Watchdog","Moskovskaya Storodzevay Sobaka","Large","9-11 years","Average $600 - $800 USD",3,4,3,3,3,2,4,3
Dog,"Stabyhoun","Beike, Friese Stabij, Stabij, Staby, Stabijhoun","Medium","13-14 years","Average $600 - $800 USD",3,4,3,1,3,2,4,4
Dog,"Mountain Cur","?","Medium","12-16 years","Average $300 - $500 USD",3,4,3,1,3,2,1,3
Dog,"Polish Tatra Sheepdog","Owczarek Podhalanski, Tatra Mountain Sheepdog, Polski Owczarek","Large","10-12 years","Average $600 - $800 USD",3,4,3,1,3,2,2,2
Dog,"Puggle","Beagle-Pug","Small","10-15 years","Average $600 - $800 USD",5,4,3,3,3,2,5,4
Dog,"Russian Tsvetnaya Bolonka","Bolonka Zwetna, Franzuskaya Bolonka, Russian Lapdogs, Colored Lap Dog","Small","12-16 years","Average $1500 - $1800 USD",5,4,3,5,3,2,1,4
Cat,"Exotic Shorthair","Exotic","Medium","12-15 years","Average $500 - $700 USD",5,4,3,3,4,3,4,2
Cat,"Persian","Longhair, Persian Longhair, Shiraz, Shirazi","Medium","14-15 years","Average $500 - $700 USD",5,2,1,5,4,3,5,2
Cat,"Maine Coon","Coon Cat, Maine Cat, Maine Shag, Snowshoe Cat, American Longhair, The Gentle Giants","Largest","12-15 years","$500 - $1200 USD, Average $850",5,4,5,3,2,5,4,5
Cat,"Ragdoll","Rag doll","Largest","12-17 years","Average $800 - $1000 USD",5,4,5,1,2,3,4,3
Cat,"British Shorthair","Highlander, Highland Straight, Britannica","Largest","12-17 years","Average $800 - $1200 USD",5,4,5,2,2,3,1,2
Cat,"American Shorthair","Domestic Shorthair","Medium","15-17 years","Average $600 - $800 USD",5,4,5,3,1,3,5,3
Cat,"Abyssinian","None","Medium","14-15 years","Average $500 - $700 USD",5,4,4,1,4,5,1,4
Cat,"Sphynx","Canadian Hairless, Canadian Sphynx","Medium","12-14 years","Average $1300 - $1600 USD",5,4,5,1,1,5,1,5
Cat,"Siamese","Siam, Thai Cat","Medium","12-15 years","Average $400 - $600 USD",5,4,5,3,1,5,3,5
Cat,"Scottish Fold","Scot Fold","Medium","11-14 years","Average $400 - $600 USD",5,4,5,3,1,4,3,3
Cat,"Cornish Rex","None","Medium","11-14 years","Average $700 - $800 USD",5,4,5,1,1,5,1,3
Cat,"Devon Rex","Pixie cat, Alien cat, Poodle cat","Medium","10-15 years","Average $400 - $500 USD",5,4,5,3,3,5,1,5
Cat,"Oriental","Foreign Type","Medium","12-14 years","Average $400 - $500 USD",5,4,5,1,3,5,5,3
Cat,"Norwegian Forest Cat","Skogkatt / Skaukatt, Norsk Skogkatt / Norsk Skaukatt, Weegie","Large","12-16 years","Average $600 - $800 USD",5,4,5,3,3,4,3,3
Cat,"Birman","Sacred Birman, Sacred Cat Of Burma","Medium","14-15 years","Average $400 - $600 USD",5,4,5,3,3,3,3,3
Cat,"Burmese","None","Medium","15-16 years","Average $500 - $600 USD",5,4,5,1,3,5,1,5
Cat,"Siberian","Moscow Semi-longhair, HairSiberian Forest Cat","Largest","12-15 years","Average $1200 - $2500 USD",5,4,5,3,2,5,3,3
Cat,"Tonkinese","Tonk","Medium","14-16 years","Average $500 - $700 USD",5,4,5,3,3,5,5,5
Cat,"Russian Blue","Archangel Blue, Archangel Cat","Medium","10-16 years","Average $400 - $600 USD",3,3,3,3,1,3,3,3
Cat,"Egyptian Mau","Pharaoh Cat","Medium","18-20 years","Average $500 - $800 USD",2,4,3,1,2,4,4,2
Cat,"Ocicat","None","Medium","12-14 years","Average $400 - $600 USD",5,4,5,1,3,5,5,5
Cat,"Singapura","Drain Cat, Kucinta","Smallest","12-15 years","Average $500 - $700 USD",5,4,5,1,1,5,3,5
Cat,"Manx","Manks, Stubbin, Rumpy","Medium","12-14 years","Average $200 - $400 USD",5,4,5,3,1,5,3,3
Cat,"Japanese Bobtail","Japanese Truncated Cat","Medium","14-16 years","Average $400 - $600 USD",5,4,5,3,1,5,3,5
Cat,"Selkirk Rex","Shepherd Cat","Medium","14-15 years","Average $600 - $800 USD",5,4,5,3,1,3,1,3
Cat,"American Curl","None","Small","12-16 years","Average $800 - $1200 USD",5,4,5,2,1,3,3,3
Cat,"Chartreux","None","Medium","12-15 years","Average $500 - $700 USD",5,4,5,5,1,4,3,5
Cat,"Somali","Fox Cat, Long-Haired Abyssinian","Medium","12-16 years","Average $400 - $600 USD",5,4,4,3,4,5,3,5
Cat,"Turkish Angora","Ankara","Medium","15-18 years","Average $600 - $800 USD",5,4,5,2,2,5,3,5
Cat,"Colorpoint Shorthair","None","Medium","12-16 years","Average $500 - $600 USD",5,4,4,1,4,4,2,4
Cat,"Balinese","Long-haired Siamese","Medium","10-15 years","Average $500 - $600 USD",5,4,5,3,3,5,3,5
Cat,"Ragamuffin","None","Large","12-16 years","Average $800 - $1000 USD",5,4,5,3,1,5,4,3
Cat,"European Burmese","None","Medium","10-15 years","Average $200 - $300 USD",5,4,5,1,4,5,3,5
Cat,"Bombay","Small black Panther","Medium","12-16 years","Average $400 - $600 USD",5,4,5,1,1,5,1,4
Cat,"Havana Brown","Havana, HB","Medium","10-15 years","Average $300 - $500 USD",5,4,5,1,1,5,3,3
Cat,"American Bobtail","None","Medium","11-15 years","Average $500 - $700 USD",5,4,5,3,4,5,5,3
Cat,"Turkish Van","Turkish Cat, Swimming cat","Medium","12-17 years","Average $200 - $300 USD",5,4,5,2,1,5,3,4
Cat,"Burmilla","None","Medium","10-15 years","Average $400 - $600 USD",5,4,4,3,1,3,1,3
Cat,"LaPerm","None","Medium","10-14 years","Average $400 - $600 USD",5,4,5,1,1,5,2,4
Cat,"LaPerm","Si-Sawat","Medium","10-15 years","Average $600 - $800 USD",5,4,5,1,1,5,1,2
Cat,"American Wirehair","None","Medium","14-18 years","Average $800 - $1200 USD",5,4,5,1,1,4,3,3
Cat,"American Wirehair","None","Medium","12-16 years","Average $800 - $1200 USD",5,4,5,1,3,5,3,3
Cat,"California Spangled","Spangle","Largest","10-14 years","Average $800 - $1500 USD",5,4,5,1,1,5,1,4
Cat,"Cymric","Spangle","Medium","8-14 years","Average $200 - $400 USD",5,4,5,3,2,5,5,3
Cat,"Himalayan","Himalayan Persian, Colourpoint Persian, Longhaired Colourpoint, Himmy","Medium","9-15 years","Average $300 - $500 USD",5,2,2,5,4,3,5,3
Cat,"Munchkin","None","Small","10-15 years","Average $300 - $500 USD",5,4,5,3,1,5,3,5
Cat,"Nebelung","Longhaired Russian Blue","Medium","11-16 years","Average $300 - $500 USD",5,4,4,3,2,5,3,3
Cat,"Pixie-bob","None","Medium","13-16 years","Average $600 - $800 USD",5,4,5,3,2,5,5,4
Cat,"Savannah","None","Medium","17-20 years","Average $400 - $600 USD",5,4,5,3,1,5,3,5
Cat,"Snowshoe","None","Medium","14-19 years","Average $300 - $400 USD",5,4,5,3,1,5,3,4
Cat,"Toyger","None","Medium","12-15 years","Average $800 - $1000 USD",5,4,5,1,4,5,4,4
Cat,"York Chocolate","York","Large","13-15 years","Average $300 - $500 USD",5,4,5,3,1,5,3,4
Cat,"Aegean","None","Medium","9-12 years","Average $300 - $400 USD",5,4,4,3,1,4,3,4
Cat,"Australian Mist","Spotted Mist","Medium","12-16 years","Average $300 - $400 USD",5,4,5,3,1,4,3,4
Cat,"American Polydactyl","None","Medium","14-16 years","Average $300 - $500 USD",5,4,5,3,1,4,5,4
Cat,"Arabian Mau","Alley cat","Medium","12-14 years","Average $600 - $800 USD",5,4,5,1,1,3,1,3
Cat,"Malayan","None","Medium","12-18 years","Average $300 - $500 USD",5,4,5,1,1,3,1,3
Cat,"Asian Semi-longhair","Tiffanie, Tiffany","Medium","12-15 years","Average $300 - $500 USD",5,4,5,3,4,3,3,3
Cat,"Bambino","None","Small","12-14 years","Average $1000 - $3000 USD",5,4,5,1,1,5,1,3
Cat,"Brazilian Shorthair","None","Medium","14-20 years","Average $400 - $600 USD",5,4,5,1,1,3,1,3
Cat,"British Semi-longhair","None","Medium","12-14 years","Average $800 - $1200 USD",5,4,5,5,1,5,1,4
Cat,"Chantilly-Tiffany","Chantilly, Foreign Longhair","Medium","14-16 years","Average $400 - $600 USD",5,4,5,5,1,5,5,4
Cat,"Chausie","Nile Cat","Medium","12-14 years","Average $400 - $600 USD",5,4,5,3,1,5,3,4
Cat,"Cheetoh","?","Medium","12-14 years","Average $500 - $800 USD",5,4,5,1,1,5,1,4
Cat,"Cyprus","Cypriot cat","Large","12-15 years","Average $300 - $600 USD",5,4,5,3,1,3,3,4
